{
  "version": 1,
  "author": "jawad ullah",
  "editor": "wokwi",
  "parts": [
    {
      "type": "board-esp32-s3-devkitc-1",
      "id": "esp",
      "top": -76.98,
      "left": -168.23,
      "attrs": {}
    },
    { "type": "wokwi-led", "id": "led1", "top": -61.2, "left": 13.4, "attrs": { "color": "red" } },
    {
      "type": "wokwi-led",
      "id": "led2",
      "top": -61.2,
      "left": 80.6,
      "attrs": { "color": "orange" }
    },
    {
      "type": "wokwi-led",
      "id": "led3",
      "top": -61.2,
      "left": 147.8,
      "attrs": { "color": "limegreen" }
    },
    { "type": "wokwi-led", "id": "led4", "top": 82.8, "left": 23, "attrs": { "color": "red" } },
    {
      "type": "wokwi-led",
      "id": "led5",
      "top": 82.8,
      "left": 80.6,
      "attrs": { "color": "orange" }
    },
    {
      "type": "wokwi-led",
      "id": "led6",
      "top": 82.8,
      "left": 147.8,
      "attrs": { "color": "limegreen" }
    },
    { "type": "wokwi-potentiometer", "id": "pot1", "top": -20.5, "left": -307.4, "attrs": {} },
    { "type": "wokwi-gnd", "id": "gnd1", "top": 115.2, "left": -288.6, "attrs": {} },
    { "type": "wokwi-vcc", "id": "vcc1", "top": 96.76, "left": -201.6, "attrs": {} },
    {
      "type": "wokwi-buzzer",
      "id": "bz1",
      "top": 175.2,
      "left": 97.8,
      "attrs": { "volume": "0.1" }
    },
    { "type": "wokwi-slide-switch", "id": "sw1", "top": 196.4, "left": -400.1, "attrs": {} },
    { "type": "wokwi-gnd", "id": "gnd3", "top": 249.6, "left": -432.6, "attrs": {} },
    { "type": "wokwi-vcc", "id": "vcc2", "top": 202.36, "left": -345.6, "attrs": {} }
  ],
  "connections": [
    [ "esp:TX", "$serialMonitor:RX", "", [] ],
    [ "esp:RX", "$serialMonitor:TX", "", [] ],
    [ "led3:C", "led2:C", "black", [ "v19.2", "h-66.8" ] ],
    [ "led1:C", "led2:C", "black", [ "v19.2", "h67.6" ] ],
    [ "led4:C", "led5:C", "black", [ "v19.2", "h58" ] ],
    [ "led6:C", "led5:C", "black", [ "v19.2", "h-66.8" ] ],
    [ "led1:A", "esp:42", "red", [ "v0" ] ],
    [ "led3:A", "esp:41", "green", [ "v0" ] ],
    [ "led2:A", "esp:40", "blue", [ "v0" ] ],
    [ "esp:GND.2", "led1:C", "black", [ "v0", "h9.6", "v38.4", "h76.8", "v-9.6" ] ],
    [ "led4:A", "esp:39", "red", [ "v9.6", "h-96", "v-105.6" ] ],
    [ "led5:A", "esp:38", "blue", [ "v28.8", "h-134.4", "v-115.2" ] ],
    [ "led6:A", "esp:37", "green", [ "v38.4", "h-172.8", "v-115.2" ] ],
    [ "gnd1:GND", "pot1:GND", "black", [ "v0" ] ],
    [ "pot1:VCC", "vcc1:VCC", "red", [ "v0" ] ],
    [ "pot1:SIG", "esp:1", "green", [ "v19.2", "h57.2", "v-76.8" ] ],
    [ "bz1:1", "led4:C", "black", [ "v9.6", "h-105.6" ] ],
    [ "bz1:2", "esp:19", "green", [ "v19.2", "h-192.4", "v-144" ] ],
    [ "esp:GND.3", "led4:C", "black", [ "h0" ] ],
    [ "gnd3:GND", "sw1:1", "black", [ "v0" ] ],
    [ "vcc2:VCC", "sw1:3", "red", [ "v0" ] ],
    [ "sw1:2", "esp:21", "green", [ "v19.2", "h374.5", "v-124.8" ] ]
  ],
  "dependencies": {}
}